{"mean": -49.64533615112305, "std": 22.2924747467041}